<?xml version="1.0" encoding="UTF-8"?>
<!DOCTYPE hibernate-configuration PUBLIC
        "-//Hibernate/Hibernate Configuration DTD 3.0//EN"
        "http://hibernate.sourceforge.net/hibernate-configuration-3.0.dtd">
<hibernate-configuration>
    <session-factory>
        <property name="hibernate.connection.driver_class">com.mysql.cj.jdbc.Driver</property>

        <property name="hibernate.connection.url">jdbc:mysql://localhost:3306/scolarite-bd</property>

        <property name="hibernate.connection.username">root</property>
        <property name="hibernate.connection.password"></property>
        <property name="hibernate.dialect">org.hibernate.dialect.MySQLDialect</property>
        <property name= "current_session_context_class">thread</property>
        <property name="hibernate.hbm2ddl.auto">update</property>
        <property name="show_sql">true</property>
        <mapping class="ucao.mig1.model.Filiere"/>
        <mapping class="ucao.mig1.model.Inscription"/>
        <mapping class="ucao.mig1.model.Etudiant"/>
        <mapping class="ucao.mig1.model.Classe"/>
    </session-factory>
</hibernate-configuration>